Unnamed: 0,SP500_Returns,GS10_Change,FEDFUNDS_Level,Inflation_YoY,FEDFUNDS_Level_diff,Inflation_YoY_diff
1999-05-31,0.4875780344603172,0.8352272727272729,0.7226502311248074,0.36957109467381644,,
1999-06-30,0.7556078629557118,0.8352272727272729,0.7257318952234206,0.35812573350723453,0.5903614457831323,0.5253419785171142
1999-07-31,0.4636956098696687,0.568181818181818,0.7611710323574731,0.3744612793512063,0.7168674698795184,0.5891667651052116
1999-08-31,0.550751760930074,0.7159090909090912,0.773497688751926,0.3853915034187422,0.6265060240963857,0.5767483977462928
1999-09-30,0.47548997616125005,0.6193181818181817,0.7966101694915254,0.41875393823999335,0.6686746987951805,0.628284910341479
1999-10-31,0.7829520073305525,0.7386363636363639,0.7935285053929122,0.4126003589376883,0.5662650602409642,0.537499495477591
1999-11-30,0.636201092677983,0.5852272727272727,0.8274268104776579,0.41787641277587145,0.7108433734939759,0.5637583176137716
1999-12-31,0.7671027161406203,0.7727272727272728,0.8089368258859784,0.42299096663950014,0.5060240963855421,0.5633872821610414
2000-01-31,0.40004573672127214,0.8465909090909091,0.8320493066255779,0.4336276919029744,0.668674698795181,0.5760741037599237
2000-02-29,0.5039901623755766,0.5511363636363633,0.8751926040061634,0.4724133174834747,0.7469879518072292,0.6407443305002277
2000-03-31,0.8983212744893988,0.48295454545454564,0.8936825885978428,0.5220720978080247,0.6506024096385539,0.6657246805231659
2000-04-30,0.46791589096087616,0.47727272727272757,0.9198767334360554,0.45378699923130394,0.6807228915662651,0.3947564613290889
2000-05-31,0.49789107668877186,0.8863636363636365,0.958397534668721,0.4646161383650526,0.7289156626506025,0.5765161618324766
2000-06-30,0.6526445877648728,0.4374999999999996,0.9984591679506934,0.5195902565501527,0.7349397590361451,0.6779363158187437
2000-07-31,0.5167043272685048,0.6022727272727274,1.0,0.5072103621490207,0.5843373493975903,0.5231949505517575
2000-08-31,0.7767399526422237,0.5056818181818183,0.9938366718027735,0.48457921132418985,0.5542168674698795,0.49964337056720565
2000-09-30,0.3913393592748864,0.6136363636363635,0.9969183359013867,0.4941802886929631,0.5903614457831323,0.5736947715864064
2000-10-31,0.5551552192513061,0.5965909090909094,0.9953775038520801,0.49361735669137496,0.5722891566265063,0.5503436359054764
2000-11-30,0.30160444041731715,0.6193181818181817,0.9953775038520801,0.4930564303857538,0.5783132530120483,0.5503482438585937
2000-12-31,0.5855429559020036,0.35795454545454575,0.9784283513097073,0.49231163013318535,0.5120481927710847,0.5499258056920295
2001-01-31,0.68877068559119,0.5852272727272727,0.913713405238829,0.5183368596441,0.3253012048192772,0.6114281690224366
2001-02-28,0.26035090612906125,0.5965909090909088,0.8382126348228044,0.5008343809340614,0.28313253012048184,0.5114261537240907
2001-03-31,0.35515011258389656,0.5113636363636365,0.810477657935285,0.4509208317294666,0.46987951807228884,0.43696387441042495
2001-04-30,0.8311340354769958,0.7727272727272728,0.7318952234206472,0.4724392545397856,0.27108433734939774,0.6010740803042369
2001-05-31,0.5890422869478215,0.7727272727272728,0.6409861325115562,0.5039072195632366,0.22289156626506035,0.6239324919522501
2001-06-30,0.4873589473222447,0.5681818181818186,0.6040061633281972,0.47022209373863383,0.4337349397590363,0.4742475980302406
2001-07-31,0.535609898171794,0.6079545454545455,0.5731895223420648,0.42710513612456835,0.45783132530120485,0.45257859165587705
2001-08-31,0.35547516874889906,0.47727272727272707,0.5546995377503852,0.42710513612456835,0.5060240963855421,0.551636934747423
2001-09-30,0.2960189824593867,0.49431818181818227,0.4653312788906009,0.415304101016069,0.2289156626506024,0.5245248412858063
2001-10-31,0.6329515152372132,0.5397727272727273,0.37596302003081666,0.37291463058395136,0.22891566265060265,0.4542499450827379
2001-11-30,0.8256037236603244,0.6761363636363638,0.31432973805855163,0.35162570624684064,0.33734939759036126,0.5027270466724922
2001-12-31,0.5974253791981479,0.8806818181818179,0.2727272727272727,0.32509648630216187,0.4156626506024098,0.49068781596326755
2002-01-31,0.5192946913676727,0.6022727272727274,0.2588597842835131,0.2878849925914084,0.5240963855421688,0.46614600229475256
2002-02-28,0.5017687731788245,0.5568181818181819,0.2604006163328197,0.28245190128806663,0.5843373493975904,0.53915476874695
2002-03-31,0.6958666669211675,0.840909090909091,0.2588597842835131,0.3031214715875663,0.5722891566265061,0.5991238981043817
2002-04-30,0.36455740461527464,0.5909090909090908,0.26194144838212635,0.32877646356618184,0.5903614457831327,0.6105775729106205
2002-05-31,0.5412084275297685,0.6022727272727274,0.26194144838212635,0.2919856248809244,0.5783132530120483,0.4671124292447185
2002-06-30,0.32730158574732104,0.49999999999999983,0.26194144838212635,0.2763243696977567,0.5783132530120483,0.5156562423464268
2002-07-31,0.305196907164578,0.4715909090909095,0.2588597842835131,0.3124983529383248,0.5662650602409639,0.6347442558832513
2002-08-31,0.5883376759244874,0.40909090909090884,0.2604006163328197,0.33821905084905346,0.5843373493975904,0.6107285279205883
2002-09-30,0.20049446126734985,0.40909090909090934,0.26194144838212635,0.3170965956192797,0.5843373493975904,0.5031094983773721
2002-10-31,0.8636533099093834,0.6704545454545454,0.26194144838212635,0.3637312025605059,0.5783132530120483,0.6587768432649107
2002-11-30,0.7644892966497645,0.6931818181818181,0.1987673343605547,0.38440038281609185,0.33132530120481934,0.5991230020044256
2002-12-31,0.3682198047909633,0.6193181818181821,0.18335901386748843,0.4050928654169492,0.5180722891566266,0.5991765375932162
2003-01-31,0.47932804712160204,0.6420454545454544,0.18335901386748843,0.43038802111125996,0.5783132530120483,0.6097508729744494
2003-02-28,0.5144687463218783,0.5454545454545455,0.18644067796610167,0.46585151180741563,0.5903614457831327,0.6331119465060832
2003-03-31,0.6000707276942223,0.5795454545454547,0.18489984591679506,0.4548224299152726,0.5722891566265061,0.5262983524699884
2003-04-30,0.8454107629652953,0.7159090909090909,0.18644067796610167,0.3772462291736088,0.5843373493975904,0.3734107719093581
2003-05-31,0.7436605220744499,0.40909090909090906,0.18644067796610167,0.35160527702632627,0.5783132530120483,0.492728552163146
2003-06-30,0.6100773479399695,0.494318181818182,0.1802773497688752,0.3565901595795022,0.5542168674698795,0.5630893709476635
2003-07-31,0.62662141608398,1.0,0.14791987673343604,0.36633463152080303,0.4518072289156627,0.5740242110818841
2003-08-31,0.6321890052429412,0.8977272727272729,0.1510015408320493,0.38098238294329073,0.5903614457831327,0.5852891696503589
2003-09-30,0.5315452921223071,0.5284090909090906,0.14791987673343604,0.39578902889392936,0.5662650602409639,0.5856542192632244
2003-10-31,0.7573736781253572,0.6420454545454548,0.14791987673343604,0.3650923539862475,0.5783132530120483,0.4811133652972712
2003-11-30,0.5959222496920219,0.6363636363636362,0.1463790446841294,0.3547284795355559,0.5722891566265061,0.5278266223342991
2003-12-31,0.7432110351979171,0.6136363636363635,0.14329738058551617,0.36447736510775103,0.5662650602409639,0.5740343511053827
2004-01-31,0.6301745605163898,0.5625000000000004,0.1463790446841294,0.36366366678878126,0.5903614457831327,0.5497675169657931
2004-02-29,0.613070439931318,0.5909090909090908,0.14791987673343604,0.3328339548376784,0.5843373493975904,0.48080772153620066
2004-03-31,0.5166447741604534,0.4886363636363637,0.1463790446841294,0.33754491401419906,0.5722891566265061,0.5624600502041085
2004-04-30,0.5151872035721351,0.9261363636363634,0.1463790446841294,0.3879644530528184,0.5783132530120483,0.6674724730827131
2004-05-31,0.6126467579877074,0.840909090909091,0.1463790446841294,0.44319156130527215,0.5783132530120483,0.6785175436761215
2004-06-30,0.6325798505526543,0.6363636363636368,0.1510015408320493,0.4678227117250588,0.5963855421686748,0.6082253650087167
2004-07-31,0.4561199592086719,0.49999999999999983,0.18644067796610167,0.4470076619686956,0.7168674698795182,0.5038157420118577
2004-08-31,0.5795818262858671,0.5056818181818183,0.2126348228043143,0.4112212224909615,0.6807228915662651,0.46941996963730104
2004-09-30,0.6034673345940265,0.5454545454545453,0.24036979969183359,0.41046767144172974,0.6867469879518074,0.5499057013185725
2004-10-31,0.6191637963780068,0.6136363636363635,0.26348228043143296,0.46994407886195433,0.6686746987951808,0.6882800259604087
2004-11-30,0.7021313999060635,0.6818181818181823,0.2896764252696456,0.5092491791834414,0.6807228915662651,0.6419377891755975
2004-12-31,0.6814180194260455,0.6534090909090909,0.32511556240369804,0.48376076388935235,0.7168674698795183,0.493078995440545
2005-01-31,0.48649797843357895,0.6249999999999997,0.3436055469953775,0.4383654805349595,0.6506024096385541,0.44734428976287827
2005-02-28,0.6356660617724454,0.6022727272727274,0.37750385208012327,0.45736085035176627,0.7108433734939761,0.5952775338199843
2005-03-31,0.5073331687640011,0.8181818181818182,0.3975346687211094,0.4713975528370597,0.6566265060240964,0.5838853253483536
2005-04-30,0.5039884786771684,0.5397727272727273,0.4221879815100154,0.4855379852645268,0.6746987951807231,0.5841236379930601
2005-05-31,0.6729589166662729,0.5170454545454546,0.45454545454545453,0.44059344187439287,0.7048192771084338,0.4483798348591785
2005-06-30,0.5713795908366145,0.551136363636364,0.46070878274268107,0.41063731654942515,0.602409638554217,0.4828147287213192
2005-07-31,0.6932656283473208,0.7329545454545453,0.4946070878274268,0.4586506761484583,0.7108433734939759,0.661944435817194
2005-08-31,0.5339831477678866,0.6761363636363638,0.5315870570107858,0.5115591538723727,0.7228915662650605,0.6731906442122396
2005-09-30,0.5953164488155578,0.5965909090909094,0.5500770416024654,0.6114763959233939,0.6506024096385544,0.7811901544444996
2005-10-31,0.5119805590163813,0.7784090909090908,0.5747303543913713,0.5757283969442034,0.6746987951807228,0.46950828412663564
2005-11-30,0.6906254886755259,0.6761363636363638,0.6086286594761171,0.4834168853040996,0.7108433734939761,0.339557374932617
2005-12-31,0.5686468164532547,0.5909090909090908,0.6332819722650231,0.4834168853040996,0.6746987951807231,0.551636934747423
2006-01-31,0.657819695491232,0.6022727272727274,0.6533127889060093,0.5454935101501062,0.6566265060240964,0.6942538525968156
2006-02-28,0.5733908467857212,0.7159090909090912,0.6841294298921418,0.5107669677270971,0.6987951807228918,0.4718550126435454
2006-03-31,0.6093131620057811,0.7159090909090906,0.699537750385208,0.4906598065762027,0.6385542168674697,0.5054420690124494
2006-04-30,0.6128904653185089,0.7840909090909094,0.7303543913713405,0.508538670788007,0.6987951807228918,0.5927124364336164
2006-05-31,0.4675069351232434,0.6988636363636365,0.75346687211094,0.5417048450018866,0.668674698795181,0.6278340146462311
2006-06-30,0.5721535868447432,0.6306818181818182,0.7611710323574731,0.5603624910285818,0.608433734939759,0.5945016358688696
2006-07-31,0.5890277440689193,0.6193181818181817,0.7996918335901387,0.5533306568441584,0.7289156626506025,0.5354817632847629
2006-08-31,0.6436684193815133,0.5113636363636365,0.8012326656394453,0.537077688943762,0.5843373493975903,0.5142968217240461
2006-09-30,0.6547803133620899,0.5397727272727273,0.8012326656394453,0.3623664907789247,0.5783132530120483,0.15024957424168478
2006-10-31,0.6782107629732922,0.6363636363636368,0.8012326656394453,0.307088092624408,0.5783132530120483,0.42463849067921483
2006-11-30,0.6274414638905014,0.5568181818181814,0.8012326656394453,0.35840869509498313,0.5783132530120483,0.6695426064021568
2006-12-31,0.614443549093027,0.6079545454545455,0.7996918335901387,0.4090814562287477,0.5722891566265063,0.6680542340085133
2007-01-31,0.6193150082781422,0.744318181818182,0.8012326656394453,0.368178901778811,0.5843373493975903,0.4576660356805389
2007-02-28,0.49812355026263305,0.6079545454545455,0.802773497688752,0.39961654959979814,0.5843373493975903,0.6238628401955071
2007-03-31,0.605546891762792,0.5397727272727273,0.802773497688752,0.43410591569759915,0.5783132530120483,0.6308739600149803
2007-04-30,0.717981053666789,0.704545454545455,0.8012326656394453,0.4153733527604481,0.5722891566265063,0.5086001170057429
2007-05-31,0.6817252267229854,0.6647727272727271,0.8012326656394453,0.42604686508496525,0.5783132530120483,0.5761586195865442
2007-06-30,0.51172557882201,0.8295454545454544,0.8012326656394453,0.42448448725228793,0.5783132530120483,0.5480474755658807
2007-07-31,0.46391235250557383,0.5738636363636366,0.802773497688752,0.39027454893250607,0.5843373493975903,0.47304187621954336
2007-08-31,0.6152799159432984,0.4431818181818182,0.7657935285053928,0.3519062483050654,0.4337349397590361,0.463488315324592
2007-09-30,0.6926773825890349,0.5454545454545453,0.75346687211094,0.43735732487167445,0.5301204819277114,0.7479551011598838
2007-10-31,0.6218913707337216,0.6363636363636368,0.7257318952234206,0.5082523552067765,0.46987951807228884,0.7145135528353644
2007-11-30,0.4232008476177376,0.4147727272727274,0.6841294298921418,0.5778421384947635,0.4156626506024099,0.7115148345359507
2007-12-31,0.5427373538105097,0.602272727272727,0.6456086286594761,0.5537088562411028,0.427710843373494,0.49619232349246767
2008-01-31,0.3654153884647124,0.42613636363636404,0.5993836671802774,0.5706719206193086,0.397590361445783,0.5906084472112836
2008-02-29,0.4545312883966433,0.6306818181818182,0.4514637904468413,0.5568249078831383,0.0,0.5198243437318383
2008-03-31,0.5517456844407153,0.49999999999999983,0.39445300462249616,0.541488640918043,0.35542168674698793,0.5164028811676231
2008-04-30,0.7323464226519724,0.7272727272727275,0.3436055469953775,0.534996380454781,0.3795180722891566,0.5367213980306186
2008-05-31,0.6078900319182878,0.7443181818181818,0.29738058551617874,0.5518472520078777,0.3975903614457833,0.590350691655765
2008-06-30,0.2817110886705866,0.7556818181818181,0.30046224961479195,0.6291923613521346,0.5903614457831327,0.729332180466179
2008-07-31,0.5385828035776559,0.5795454545454547,0.30200308166409856,0.6804373824757043,0.5843373493975903,0.6693689632831314
2008-08-31,0.6130079659774411,0.5625000000000003,0.30046224961479195,0.6631446380461207,0.5722891566265063,0.511908004287327
2008-09-30,0.2654115235669018,0.5170454545454546,0.2711864406779661,0.6307760148949286,0.4638554216867471,0.4772721753826351
2008-10-31,0.0,0.6988636363636365,0.14175654853620953,0.5192360086830791,0.07228915662650597,0.2953811872370234
2008-11-30,0.3192221306985233,0.471590909090909,0.052388289676425275,0.2791259322216091,0.22891566265060245,0.0
2008-12-31,0.5982615885574746,0.0,0.01694915254237288,0.17672226216910927,0.4397590361445784,0.31637131204994223
2009-01-31,0.28274070101289006,0.6875000000000001,0.015408320493066254,0.1683852003542678,0.5722891566265061,0.5324830895939192
2009-02-28,0.20080877282150966,0.8295454545454547,0.02619414483821263,0.1795230449370554,0.6204819277108435,0.5772253920745276
2009-03-31,0.8601283380706707,0.6022727272727272,0.020030816640986132,0.13800639474512583,0.5542168674698795,0.4562551915471034
2009-04-30,0.8888881129524753,0.6931818181818185,0.015408320493066254,0.1261570649515877,0.5602409638554218,0.5244138874582454
2009-05-31,0.7510279483027359,0.8352272727272727,0.020030816640986132,0.08605534021765167,0.5963855421686748,0.4595058887025345
2009-06-30,0.5725222751733627,0.8750000000000001,0.024653312788906003,0.06657989118799643,0.5963855421686748,0.5068933856058165
2009-07-31,0.8221130496291654,0.5397727272727273,0.01694915254237288,0.0,0.5481927710843375,0.3986740619183147
2009-08-31,0.6851375366681691,0.6477272727272727,0.01694915254237288,0.04334028783030528,0.5783132530120483,0.6512083641606202
2009-09-30,0.6924388744767987,0.5227272727272728,0.015408320493066254,0.05300374210012324,0.5722891566265061,0.5738380783688557
2009-10-31,0.5051583009286267,0.6250000000000002,0.010785824345146378,0.15831204107389713,0.5602409638554218,0.7935757492506108
2009-11-30,0.7654831272019235,0.6363636363636362,0.010785824345146378,0.3534702748669041,0.5783132530120483,1.0
2009-12-31,0.6318425875420778,0.7386363636363636,0.010785824345146378,0.4355592594925823,0.5783132530120483,0.7402309184851442
2010-01-31,0.44706153548507166,0.7102272727272728,0.009244992295839752,0.4179455806772378,0.5722891566265061,0.5111706788763103
2010-02-28,0.6681040053855617,0.6079545454545455,0.012326656394453005,0.3750753036633419,0.5903614457831327,0.45314532393194235
2010-03-31,0.7703178085505464,0.6534090909090909,0.01694915254237288,0.3873799535715831,0.5963855421686748,0.5799060497239932
2010-04-30,0.6216783621678554,0.6988636363636365,0.023112480739599386,0.38013408222320555,0.602409638554217,0.5349900271328041
2010-05-31,0.29516692996454347,0.38636363636363635,0.023112480739599386,0.3615886609391921,0.5783132530120483,0.5090300625099955
2010-06-30,0.38999103018748416,0.5056818181818183,0.020030816640986132,0.2811010195216684,0.5662650602409639,0.36672193055043223
2010-07-31,0.8040082681645868,0.5227272727272726,0.020030816640986132,0.3011061941149991,0.5783132530120483,0.5975974931479067
2010-08-31,0.4117053105006919,0.4545454545454548,0.02157164869029276,0.28371251714749524,0.5843373493975904,0.5116761184928816
2010-09-30,0.8673739298404999,0.6022727272727272,0.02157164869029276,0.28080458501695704,0.5783132530120483,0.544956154038076
2010-10-31,0.6962619203783792,0.5681818181818183,0.02157164869029276,0.2852198652280823,0.5783132530120483,0.5617807474420432
2010-11-30,0.5641309798099,0.7556818181818181,0.02157164869029276,0.2777230657274636,0.5783132530120483,0.534413536388292
2010-12-31,0.7922695632481626,0.931818181818182,0.020030816640986132,0.3099594536608766,0.5722891566265061,0.6256978924922362
2011-01-31,0.6482972643524672,0.6875000000000001,0.01848998459167951,0.33395918443332734,0.5722891566265061,0.6067747203546946
2011-02-28,0.6797247951722963,0.7386363636363636,0.01694915254237288,0.3726626333006533,0.5722891566265061,0.6405555349659829
2011-03-31,0.5683262842264456,0.5340909090909092,0.013867488443759632,0.4177749410961087,0.566265060240964,0.6552794622015369
2011-04-30,0.6680422088187064,0.6590909090909091,0.007704160246533128,0.4595700188871507,0.5542168674698795,0.6476583468428885
2011-05-31,0.5262913147909701,0.46590909090909094,0.006163328197226501,0.49440624590824106,0.5722891566265061,0.6316708499220046
2011-06-30,0.5102365949711964,0.5340909090909092,0.006163328197226501,0.4983618980144453,0.5783132530120483,0.5607247824335814
2011-07-31,0.49937832627578455,0.6306818181818182,0.0030816640986132517,0.5054400516666926,0.566265060240964,0.5678985221074336
2011-08-31,0.3801733644484738,0.23295454545454541,0.007704160246533128,0.5214205324599007,0.5963855421686748,0.5883510267608416
2011-09-30,0.32964191413779975,0.4488636363636365,0.004622496147919876,0.5266792795924433,0.5662650602409639,0.5637185566083578
2011-10-31,0.9354605848594104,0.7272727272727273,0.0030816640986132517,0.5001824740637967,0.5722891566265061,0.49076228592873145
2011-11-30,0.5547865345537603,0.5511363636363636,0.004622496147919876,0.49371819830651403,0.5843373493975904,0.5367856910317862
2011-12-31,0.6006620694856443,0.6136363636363638,0.0030816640986132517,0.45818586808399914,0.5722891566265061,0.4700037687543803
2012-01-31,0.7189679024774464,0.625,0.004622496147919876,0.4533218223871049,0.5843373493975904,0.5404621131895418
2012-02-29,0.7088635602724893,0.6306818181818182,0.007704160246533128,0.4432298987929841,0.5903614457831327,0.5284514113441211
2012-03-31,0.67761775690927,0.7443181818181819,0.012326656394453005,0.41445626681825265,0.5963855421686748,0.48553142856456066
2012-04-30,0.5465550257918627,0.5625,0.013867488443759632,0.38619287609552716,0.5843373493975904,0.4867036739129703
2012-05-31,0.36039530322240815,0.48863636363636387,0.01694915254237288,0.33735024533828045,0.5903614457831325,0.43942423833336247
2012-06-30,0.705371858243228,0.528409090909091,0.01694915254237288,0.3296780391518826,0.5783132530120483,0.5340105511912383
2012-07-31,0.6143820892818734,0.5795454545454546,0.01694915254237288,0.3081086202147509,0.5783132530120483,0.5020826289802026
2012-08-31,0.6385689123740595,0.7159090909090909,0.012326656394453005,0.33260414739406297,0.5602409638554218,0.6079137796318826
2012-09-30,0.65366597187552,0.6534090909090909,0.013867488443759632,0.3566761093439762,0.5843373493975904,0.6069406666819618
2012-10-31,0.5050657862545155,0.6477272727272728,0.01694915254237288,0.37547151448979255,0.5903614457831325,0.5948181282848706
2012-11-30,0.5814698644818604,0.5738636363636364,0.01694915254237288,0.34265015886807904,0.5783132530120483,0.4762320526356867
2012-12-31,0.595718808886004,0.6704545454545455,0.01694915254237288,0.3393179334057397,0.5783132530120483,0.5439813683213002
2013-01-31,0.7420720540332036,0.7386363636363636,0.013867488443759632,0.33243320896793094,0.566265060240964,0.5358197381456681
2013-02-28,0.6091944803488784,0.6704545454545455,0.015408320493066254,0.36292024355294883,0.5843373493975904,0.6216788694961158
2013-03-31,0.6933312346307257,0.6193181818181819,0.013867488443759632,0.3173470957451554,0.5722891566265061,0.44693565800814156
2013-04-30,0.6329064765292494,0.5170454545454546,0.015408320493066254,0.282674971010608,0.5843373493975904,0.4719800336643266
2013-05-31,0.6419423454835591,0.7272727272727273,0.009244992295839752,0.3056334873863751,0.5542168674698796,0.604382599513012
2013-06-30,0.5212339145412879,0.8409090909090909,0.006163328197226501,0.335328955800167,0.5662650602409639,0.6198602988522682
2013-07-31,0.7388114429624056,0.7897727272727275,0.006163328197226501,0.3508132925794353,0.5783132530120483,0.5872111688795046
2013-08-31,0.4662205922918182,0.7215909090909092,0.004622496147919876,0.31917791698903963,0.5722891566265061,0.47895676289686906
2013-09-30,0.6722753363008064,0.6704545454545454,0.004622496147919876,0.27865291392767827,0.5783132530120483,0.4585334348908203
2013-10-31,0.7223860513674176,0.5227272727272728,0.006163328197226501,0.2587648149690719,0.5843373493975904,0.5059453498328701
2013-11-30,0.6665371240539861,0.6875000000000001,0.004622496147919876,0.29125880391094555,0.5722891566265061,0.6262897136802065
2013-12-31,0.6513931635918205,0.7329545454545453,0.006163328197226501,0.3168078693831938,0.5843373493975904,0.6103342138057378
2014-01-31,0.45175774667332086,0.6079545454545455,0.0030816640986132517,0.3209071745813476,0.566265060240964,0.561054815860241
2014-02-28,0.7173948954618191,0.5454545454545455,0.0030816640986132517,0.28100191809488334,0.5783132530120483,0.45995726143710586
2014-03-31,0.5952595447067238,0.6363636363636366,0.004622496147919876,0.3259204819230514,0.5843373493975904,0.6548343483195406
2014-04-30,0.5927909187430921,0.6249999999999999,0.006163328197226501,0.36264508655559874,0.5843373493975904,0.6360092719182051
2014-05-31,0.6428451358041108,0.5454545454545455,0.006163328197226501,0.3764999472982898,0.5783132530120483,0.5834675560361424
2014-06-30,0.6361891871969415,0.6534090909090909,0.007704160246533128,0.3666472908150563,0.5843373493975904,0.5290011116215144
2014-07-31,0.5209621028810558,0.5965909090909091,0.006163328197226501,0.3589138205775655,0.5722891566265061,0.533869801107555
2014-08-31,0.6989598156204359,0.5625,0.006163328197226501,0.3352655158377864,0.5783132530120483,0.4973065270824285
2014-09-30,0.5194971941478657,0.6931818181818181,0.006163328197226501,0.33243222421552654,0.5783132530120483,0.545127635642686
2014-10-31,0.6501735562680451,0.5000000000000001,0.006163328197226501,0.3256327291606732,0.5783132530120483,0.53601554698575
2014-11-30,0.6546699090680049,0.6477272727272729,0.006163328197226501,0.2911360443185065,0.5783132530120483,0.47238309515133936
2014-12-31,0.5577234900802017,0.5625,0.010785824345146378,0.23835264630351957,0.5963855421686748,0.4303705875967945
2015-01-31,0.4670887695936489,0.4431818181818182,0.009244992295839752,0.15776790420387143,0.5722891566265061,0.3664988481898816
2015-02-28,0.7571408631935765,0.6875000000000001,0.009244992295839752,0.17080849044002877,0.5783132530120483,0.5815968145018973
2015-03-31,0.5131439386728464,0.6647727272727274,0.009244992295839752,0.17674021408261606,0.5783132530120483,0.5652646753911638
2015-04-30,0.6006217552382841,0.5738636363636364,0.010785824345146378,0.16925716403882035,0.5843373493975904,0.5344451248510839
2015-05-31,0.6072730261916869,0.778409090909091,0.010785824345146378,0.18194775146761347,0.5783132530120483,0.580792715514862
2015-06-30,0.5009402649557662,0.721590909090909,0.012326656394453005,0.19513791494356686,0.5843373493975904,0.5819404582643128
2015-07-31,0.6384968828926202,0.6079545454545455,0.012326656394453005,0.19934616940476407,0.5783132530120483,0.5613051195475911
2015-08-31,0.36063126298190096,0.5454545454545455,0.013867488443759632,0.20077139327752352,0.5843373493975904,0.5549112918259942
2015-09-30,0.4826083864052646,0.6306818181818182,0.013867488443759632,0.17955770627238948,0.5783132530120483,0.5028998994398638
2015-10-31,0.8519555364584621,0.5738636363636364,0.010785824345146378,0.19039663289774014,0.5662650602409639,0.576538647943621
2015-11-30,0.5735653890375135,0.7386363636363636,0.010785824345146378,0.21856783111303354,0.5783132530120483,0.6163583894263158
2015-12-31,0.5126913833376294,0.6193181818181821,0.029275808936825885,0.23703885156720364,0.6506024096385544,0.5940728760255076
2016-01-31,0.40061355513477087,0.5454545454545453,0.044684129429892146,0.29168153447274997,0.63855421686747,0.6771748653024865
2016-02-29,0.5579267759318955,0.4545454545454547,0.05084745762711865,0.25607076449115407,0.6024096385542169,0.46982355862367925
2016-03-31,0.7946021566485936,0.6931818181818181,0.04776579352850539,0.2601169661907489,0.5662650602409639,0.5609328141033753
2016-04-30,0.58097261833254,0.5852272727272728,0.04930662557781202,0.285761074336664,0.5843373493975904,0.6105525680287027
2016-05-31,0.6235866714366807,0.6306818181818182,0.04930662557781202,0.27716928933375745,0.5783132530120483,0.5318978800069496
2016-06-30,0.5749359432630361,0.5340909090909091,0.05084745762711865,0.27724321416483844,0.5843373493975904,0.5518067721312605
2016-07-31,0.6920556243304872,0.5511363636363638,0.052388289676425275,0.25799498882311217,0.5843373493975904,0.5074154169197803
2016-08-31,0.5677459662926563,0.6647727272727274,0.0539291217257319,0.2750557213879178,0.5843373493975904,0.5908328333756305
2016-09-30,0.5676946336767825,0.6704545454545454,0.0539291217257319,0.3200754419461678,0.5783132530120483,0.6550667491805701
2016-10-31,0.5062934926455661,0.7045454545454547,0.0539291217257319,0.33260323945604714,0.5783132530120483,0.5804187165007398
2016-11-30,0.6872111045021105,0.8465909090909092,0.055469953775038515,0.3324580044063368,0.5843373493975904,0.5513032668779992
2016-12-31,0.6332946198446537,0.8295454545454547,0.07550077041602465,0.3659005542831902,0.6566265060240964,0.6284689693545401
2017-01-31,0.6322266555586292,0.5965909090909091,0.09244992295839753,0.4078417804287058,0.6445783132530121,0.6479941129692763
2017-02-28,0.6974168388373423,0.6249999999999999,0.09399075500770415,0.43521600145491895,0.5843373493975904,0.6145273873287493
2017-03-31,0.5705476329886895,0.6647727272727274,0.11402157164869028,0.4015270571024297,0.6566265060240964,0.4742388252163312
2017-04-30,0.6025469980724089,0.5284090909090908,0.13097072419106318,0.37734642793069584,0.6445783132530121,0.4960835470964893
2017-05-31,0.6109348016218744,0.6306818181818182,0.13251155624036978,0.348155099347717,0.5843373493975904,0.48457179838150577
2017-06-30,0.5881093084656418,0.5681818181818183,0.15254237288135591,0.328463897289567,0.6566265060240964,0.5063977073691707
2017-07-31,0.6371696970745041,0.7045454545454546,0.16949152542372878,0.3361789077283241,0.6445783132530121,0.5693616582271694
2017-08-31,0.5737056803637753,0.5681818181818183,0.1710323574730354,0.3547053825302335,0.5843373493975904,0.5942002787020472
2017-09-30,0.6370149474831321,0.6250000000000002,0.16949152542372878,0.37774264393921164,0.5722891566265061,0.6045635109907282
2017-10-31,0.6467532622159688,0.721590909090909,0.16949152542372878,0.36315908720584467,0.5783132530120483,0.5181321828741686
2017-11-30,0.6666490375117973,0.6250000000000002,0.1710323574730354,0.3770060749931688,0.5843373493975904,0.5834494684446926
2017-12-31,0.6050461557284224,0.6590909090909091,0.19260400616332818,0.37312188855308454,0.6626506024096387,0.5427132746771243
2018-01-31,0.7614821717192859,0.7329545454545456,0.20955315870570104,0.37507370759579456,0.6445783132530121,0.5561211092134413
2018-02-28,0.4404016112171486,0.7897727272727272,0.21109399075500768,0.38530818995593713,0.5843373493975904,0.5751499774363314
2018-03-31,0.48111761965869904,0.6193181818181819,0.22496147919876733,0.39146629082589324,0.6325301204819278,0.5657847620182753
2018-04-30,0.5810380208575092,0.6477272727272729,0.25269645608628655,0.40424652276235845,0.6867469879518073,0.5809986678104004
2018-05-31,0.6447962769479558,0.6931818181818181,0.2542372881355932,0.4326206446395543,0.5843373493975904,0.616824593046294
2018-06-30,0.5882060485975817,0.590909090909091,0.2727272727272727,0.4349594790454274,0.6506024096385544,0.557010251276039
2018-07-31,0.693445428960954,0.6193181818181819,0.28659476117103233,0.43920969264153203,0.6325301204819277,0.5614015178700026
2018-08-31,0.6740091956538469,0.6306818181818182,0.28659476117103233,0.41993612184949725,0.5783132530120483,0.5073571874330214
2018-09-30,0.5863558730774151,0.6931818181818181,0.2927580893682588,0.3915671609840295,0.602409638554217,0.4864611335298201
2018-10-31,0.33760304227714966,0.7159090909090909,0.32973805855161786,0.4061662211170654,0.7228915662650603,0.585177304650531
2018-11-30,0.632142267450021,0.6136363636363638,0.3312788906009245,0.37470956552071344,0.5843373493975906,0.4793673601993448
2018-12-31,0.2620852808872229,0.46590909090909094,0.3420647149460709,0.3614820704505907,0.6204819277108433,0.521247644375263
2019-01-31,0.8374460113331318,0.5625,0.36209553158705704,0.31450371966174073,0.6566265060240964,0.44370729759698513
2019-02-28,0.6722056903177289,0.6136363636363638,0.36209553158705704,0.3173575258775402,0.5783132530120483,0.558193364766716
2019-03-31,0.6323613240867781,0.568181818181818,0.36363636363636365,0.35060472881106874,0.5843373493975906,0.6280201727416864
2019-04-30,0.7045567737374033,0.6079545454545455,0.36517719568567025,0.36131804193904965,0.5843373493975903,0.5762500592859805
2019-05-31,0.3498406712045848,0.5568181818181819,0.36055469953775043,0.3426401983421719,0.5602409638554219,0.508725831051503
2019-06-30,0.8045223774662392,0.4431818181818182,0.35901386748844377,0.33125901675586245,0.5722891566265059,0.5254894268352216
2019-07-31,0.6161729575341797,0.6250000000000002,0.36209553158705704,0.34541630853395094,0.5903614457831327,0.5841623712300641
2019-08-31,0.5107963385050139,0.38636363636363635,0.3204930662557781,0.3373227106448258,0.4156626506024097,0.5330424317743183
2019-09-30,0.6298531999945949,0.6704545454545455,0.3066255778120185,0.3324729917374033,0.5240963855421689,0.540495028035705
2019-10-31,0.6408249769482867,0.6363636363636365,0.27426810477657937,0.3369880244564003,0.4518072289156627,0.5620099221959172
2019-11-30,0.6867808053375426,0.6875000000000001,0.23112480739599384,0.3696869440808094,0.4096385542168675,0.6267605282966338
2019-12-31,0.668360967712658,0.6590909090909092,0.23112480739599384,0.3904239260662553,0.5783132530120483,0.5992787719703584
2020-01-31,0.5663659686411436,0.5738636363636364,0.23112480739599384,0.41599784414399243,0.5783132530120483,0.6103913110142951
2020-02-29,0.28796184026659,0.4829545454545455,0.2357473035439137,0.39241234477319886,0.5963855421686748,0.49745081824148096
2020-03-31,0.14954418815948667,0.27272727272727276,0.09244992295839753,0.3150923828890535,0.01807228915662646,0.37399946364611386
2020-04-30,1.0,0.5113636363636365,0.0,0.20731849204317263,0.2168674698795181,0.30403358686558085
2020-05-31,0.7247017439220316,0.6363636363636365,0.0,0.1968379873361436,0.5783132530120483,0.5275586720755973
2020-06-30,0.6339279441186698,0.6647727272727272,0.004622496147919876,0.24415065217080356,0.5963855421686748,0.6603346361881709
2020-07-31,0.7578456649055157,0.5681818181818183,0.006163328197226501,0.26972164751600397,0.5843373493975904,0.6103845962306366
2020-08-31,0.8083516831985704,0.6477272727272728,0.007704160246533128,0.2956573614215534,0.5843373493975904,0.6112225128713766
2020-09-30,0.4394545033060433,0.6477272727272728,0.006163328197226501,0.3056913501255009,0.5722891566265061,0.5746893565928848
2020-10-31,0.47848052709961625,0.6931818181818181,0.006163328197226501,0.29103213481788254,0.5783132530120483,0.5179583623306809
2020-11-30,0.9348617937076419,0.6761363636363636,0.006163328197226501,0.28604574732899113,0.5783132530120483,0.5401810410574455
2020-12-31,0.6971579488198489,0.6647727272727274,0.006163328197226501,0.29924826027530266,0.5783132530120483,0.5819688303512927
2021-01-31,0.5342715477335302,0.7159090909090909,0.006163328197226501,0.3024332081016167,0.5783132530120483,0.5589541405978834
2021-02-28,0.6599281879743268,0.7329545454545455,0.004622496147919876,0.3309220516472992,0.5722891566265061,0.6170881584513188
2021-03-31,0.7151050890780513,0.8295454545454547,0.0030816640986132517,0.41817685874881994,0.5722891566265061,0.7520990521262593
2021-04-30,0.7488133190056772,0.6477272727272727,0.0030816640986132517,0.5563151627522391,0.5783132530120483,0.8690005028019351
2021-05-31,0.5903799289386259,0.619318181818182,0.0015408320493066248,0.6283254613072918,0.5722891566265061,0.7170758074118545
2021-06-30,0.6468405968271501,0.5738636363636364,0.004622496147919876,0.664002616725692,0.5903614457831327,0.6336028269979795
2021-07-31,0.6486431683137057,0.5170454545454546,0.007704160246533128,0.6595993464635719,0.5903614457831327,0.5415207141120503
2021-08-31,0.6697131103320325,0.6079545454545455,0.006163328197226501,0.6515829201236657,0.5722891566265061,0.5332197282771898
2021-09-30,0.41130032264638755,0.6818181818181819,0.004622496147919876,0.6682099751136711,0.5722891566265061,0.589836487984562
2021-10-31,0.8052435893315527,0.75,0.004622496147919876,0.7469709841597835,0.5783132530120483,0.732585115882101
2021-11-30,0.5437324049707797,0.6193181818181819,0.004622496147919876,0.8052813373920282,0.5783132530120483,0.6856010939993427
2021-12-31,0.7190686582135918,0.5795454545454546,0.004622496147919876,0.8321015818266461,0.5783132530120483,0.6132546629457784
2022-01-31,0.3943697506392448,0.7954545454545455,0.004622496147919876,0.8703040693586548,0.5783132530120483,0.6394046096091053
2022-02-28,0.46600972797970897,0.7272727272727273,0.004622496147919876,0.9041730630389432,0.5783132530120483,0.6294486956369008
2022-03-31,0.6926074466940418,0.7443181818181819,0.023112480739599386,0.9581570068851966,0.6506024096385544,0.6756614561160753
2022-04-30,0.2749796050351531,0.9829545454545455,0.04314329738058552,0.9302671770847784,0.6566265060240964,0.4875619052923436
2022-05-31,0.5720407878366234,0.7159090909090909,0.11093990755007703,0.9571779616631617,0.8433734939759037,0.6134626729056872
2022-06-30,0.2886047829506626,0.7670454545454547,0.17873651771956856,1.0,0.8433734939759037,0.6500177204099552
2022-07-31,0.8794079055441781,0.49431818181818177,0.25115562403697994,0.9496699253183254,0.8614457831325303,0.43600693482335445
2022-08-31,0.4286124548925816,0.6306818181818182,0.3513097072419107,0.928541809094893,0.9698795180722893,0.5030964926208646
2022-09-30,0.2566213959533173,0.9829545454545455,0.386748844375963,0.9275832929060438,0.7168674698795182,0.5494348075392904
2022-10-31,0.841425549906159,0.8920454545454546,0.46687211093990755,0.8866554145582722,0.8915662650602412,0.4576078557091551
2022-11-30,0.7532942939533814,0.5795454545454547,0.5747303543913713,0.8295393601995399,1.0,0.42041659774347273
2022-12-31,0.37281393992386147,0.4772727272727273,0.6240369799691833,0.7637842221761983,0.7710843373493976,0.4005688774728235
2023-01-31,0.7802967015771887,0.5795454545454545,0.6594761171032357,0.757347373595725,0.7168674698795184,0.5368487031467579
2023-02-28,0.4837233793216534,0.7556818181818183,0.6964560862865948,0.722428087974518,0.7228915662650605,0.47141219796198697
2023-03-31,0.6901715628826797,0.5795454545454547,0.7087827426810478,0.6287709852553871,0.6265060240963857,0.33646596890252894
2023-04-30,0.6212838254722618,0.5170454545454546,0.736517719568567,0.6301944897371402,0.6867469879518071,0.5549073416394865
2023-05-31,0.5802400029192128,0.6931818181818181,0.7719568567026194,0.555214702004441,0.7168674698795179,0.37937585815109864
2023-06-30,0.7903369402297045,0.7329545454545456,0.7750385208012327,0.45792911608050274,0.5903614457831329,0.3281297700125016
2023-07-31,0.6769650309669489,0.7159090909090909,0.7812018489984592,0.47810375327015475,0.602409638554217,0.5979868221946782
2023-08-31,0.5120628825045022,0.7840909090909092,0.8135593220338984,0.5181024117540419,0.7048192771084338,0.6435311929361301
2023-09-30,0.4074180387643294,0.75,0.8135593220338984,0.5159529859091752,0.5783132530120483,0.5466987717931523
2023-10-31,0.497672902562942,0.8693181818181819,0.8135593220338984,0.4750201146239043,0.5783132530120483,0.45759638476725156
2023-11-30,0.8728695035822345,0.4602272727272729,0.8135593220338984,0.46528464401905495,0.5783132530120483,0.5292703383849229
2023-12-31,0.7211489251502994,0.35795454545454525,0.8135593220338984,0.481924868481054,0.5783132530120483,0.589866743970774
2024-01-31,0.6255143314944843,0.6534090909090909,0.8135593220338984,0.46237235356419126,0.5783132530120483,0.5067163318543904
2024-02-29,0.7464347989269928,0.7159090909090912,0.8135593220338984,0.4677089385339348,0.5783132530120483,0.5638973838635636
2024-03-31,0.6765594785222933,0.6306818181818182,0.8135593220338984,0.49532151333305696,0.5783132530120483,0.6150749892728689
2024-04-30,0.43139728136563116,0.8181818181818182,0.8135593220338984,0.48483112240196,0.5783132530120483,0.5275359591331776
2024-05-31,0.7339479847835523,0.5965909090909094,0.8135593220338984,0.4743200717774852,0.5783132530120483,0.5274884948613914
2024-06-30,0.688882829136472,0.5340909090909087,0.8135593220338984,0.4497919146132187,0.5783132530120483,0.4952851246422348
2024-07-31,0.6100743176185045,0.5965909090909094,0.8135593220338984,0.44690617606595445,0.5783132530120483,0.5450071423199037
2024-08-31,0.6489356465557546,0.4147727272727274,0.8135593220338984,0.4170150001239383,0.5783132530120483,0.48296394560989425
2024-09-30,0.6400321610607282,0.5454545454545455,0.7827426810477658,0.4007372482230075,0.45783132530120485,0.5142398821308104
2024-10-31,0.5384566608726266,0.8465909090909088,0.736517719568567,0.4134093857617752,0.3975903614457833,0.5807503281193388
2024-11-30,0.7652712722174921,0.7784090909090914,0.7072419106317411,0.42643768774386265,0.4638554216867468,0.5815685922450031
2024-12-31,0.48751168839861003,0.6477272727272724,0.6825885978428352,0.4408743563380986,0.481927710843374,0.5848042208882304
2025-01-31,0.6630498585835233,0.7670454545454547,0.6594761171032357,0.45246822002650133,0.4879518072289155,0.5782730656470616
2025-02-28,0.523789733795873,0.5284090909090912,0.6594761171032357,0.4355726970864613,0.5783132530120483,0.5128205942466358
2025-03-31,0.36010829943275796,0.5340909090909092,0.6594761171032357,0.39827730529349475,0.5783132530120483,0.4659532520296023
