,SP500_Returns,GS10_Change,FEDFUNDS_Level,Inflation_YoY,FEDFUNDS_Level_diff,Inflation_YoY_diff
1999-05-31,-2.4970480796175143,0.3600000000000003,4.74,2.091020910209096,,
1999-06-30,5.443833111432483,0.3600000000000003,4.76,1.96560196560196,0.019999999999999574,-0.12541894460713587
1999-07-31,-3.2046092391091685,-0.11000000000000032,4.99,2.1446078431372584,0.23000000000000043,0.17900587753529829
1999-08-31,-0.6254091687235008,0.15000000000000036,5.07,2.2643818849449104,0.08000000000000007,0.11977404180765205
1999-09-30,-2.8551792448024638,-0.020000000000000462,5.22,2.629969418960254,0.14999999999999947,0.3655875340153436
1999-10-31,6.253954145238461,0.1900000000000004,5.2,2.56253813300793,-0.019999999999999574,-0.06743128595232406
1999-11-30,1.9061858969220413,-0.08000000000000007,5.42,2.620353443022561,0.21999999999999975,0.05781531001463103
1999-12-31,5.784389473992291,0.25,5.3,2.676399026763998,-0.1200000000000001,0.05604558374143709
2000-01-31,-5.090354879190063,0.3799999999999999,5.45,2.792956891317555,0.15000000000000036,0.11655786455355699
2000-02-29,-2.0108083256356934,-0.14000000000000057,5.73,3.217972070431085,0.28000000000000025,0.42501517911352993
2000-03-31,9.671982835364812,-0.2599999999999998,5.85,3.762135922330101,0.11999999999999922,0.544163851899016
2000-04-30,-3.0795755780191336,-0.2699999999999996,6.02,3.013863773357439,0.16999999999999993,-0.7482721489726618
2000-05-31,-2.1915050603417807,0.4500000000000002,6.27,3.1325301204819134,0.25,0.11866634712447421
2000-06-30,2.3933549615877237,-0.34000000000000075,6.53,3.7349397590361377,0.2600000000000007,0.6024096385542244
2000-07-31,-1.6341275904170893,-0.04999999999999982,6.54,3.5992801439711952,0.009999999999999787,-0.1356596150649425
2000-08-31,6.069910494167097,-0.21999999999999975,6.5,3.3512866546977715,-0.040000000000000036,-0.24799348927342368
2000-09-30,-5.3482974719764265,-0.03000000000000025,6.52,3.45649582836709,0.019999999999999574,0.10520917366931837
2000-10-31,-0.49494854217706497,-0.05999999999999961,6.51,3.4503271861986877,-0.009999999999999787,-0.006168642168402183
2000-11-30,-8.006861010730892,-0.020000000000000462,6.51,3.444180522565321,0.0,-0.006146663633366689
2000-12-31,0.40534456237286687,-0.47999999999999954,6.4,3.4360189573459543,-0.10999999999999943,-0.008161565219366729
2001-01-31,3.4636576676164488,-0.08000000000000007,5.98,3.7212049616065945,-0.41999999999999993,0.2851860042606402
2001-02-28,-9.229073539585963,-0.0600000000000005,5.49,3.529411764705892,-0.4900000000000002,-0.1917931969007025
2001-03-31,-6.420471080339151,-0.20999999999999996,5.31,2.9824561403508643,-0.1800000000000006,-0.5469556243550278
2001-04-30,7.681436165439459,0.25,4.8,3.2182562902282053,-0.5099999999999998,0.235800149877341
2001-05-31,0.5090187401275648,0.25,4.21,3.56308411214954,-0.5899999999999999,0.34482782192133454
2001-06-30,-2.503538942756467,-0.10999999999999943,3.97,3.193960511033689,-0.23999999999999977,-0.36912360111585096
2001-07-31,-1.0740149595403703,-0.040000000000000036,3.77,2.7214823393167498,-0.20000000000000018,-0.47247817171693907
2001-08-31,-6.410840688075748,-0.27000000000000046,3.65,2.7214823393167498,-0.1200000000000001,0.0
2001-09-30,-8.172340570563886,-0.23999999999999932,3.07,2.5921658986175045,-0.5800000000000001,-0.1293164406992453
2001-10-31,1.8099111333141016,-0.16000000000000014,2.49,2.127659574468077,-0.5799999999999996,-0.4645063241494274
2001-11-30,7.51759041240454,0.08000000000000007,2.09,1.894374282433997,-0.40000000000000036,-0.23328529203408
2001-12-31,0.7573834088927756,0.4399999999999995,1.82,1.603665521191311,-0.2699999999999998,-0.2907087612426862
2002-01-31,-1.5573832456979853,-0.04999999999999982,1.73,1.1958997722095743,-0.09000000000000008,-0.40776574898173656
2002-02-28,-2.0766211039727644,-0.1299999999999999,1.74,1.1363636363636465,0.010000000000000009,-0.05953613584592787
2002-03-31,3.6738892862074657,0.3700000000000001,1.73,1.362862010221466,-0.010000000000000009,0.22649837385781946
2002-04-30,-6.141762591921907,-0.07000000000000028,1.75,1.643990929705219,0.020000000000000018,0.2811289194837532
2002-05-31,-0.9081481352177012,-0.04999999999999982,1.75,1.2408347433727984,0.0,-0.4031561863324207
2002-06-30,-7.24553538081798,-0.23000000000000043,1.75,1.0692177827799745,0.0,-0.17161696059282394
2002-07-31,-7.9004275149407555,-0.27999999999999936,1.73,1.465614430665152,-0.020000000000000018,0.3963966478851775
2002-08-31,0.4881433306494154,-0.39000000000000057,1.74,1.747463359639223,0.010000000000000009,0.2818489289740711
2002-09-30,-11.002431825242788,-0.3899999999999997,1.75,1.516002245929271,0.010000000000000009,-0.23146111370995204
2002-10-31,8.644880033371404,0.06999999999999984,1.75,2.027027027027017,0.0,0.511024781097746
2002-11-30,5.706962070498589,0.10999999999999988,1.34,2.2535211267605604,-0.4099999999999999,0.2264940997335434
2002-12-31,-6.033257188502883,-0.019999999999999574,1.24,2.480270574971821,-0.10000000000000009,0.22674944821126042
2003-01-31,-2.741469268304464,0.019999999999999574,1.24,2.757456387169399,0.0,0.2771858121975783
2003-02-28,-1.700360825687175,-0.1499999999999999,1.26,3.146067415730336,0.020000000000000018,0.38861102856093677
2003-03-31,0.8357567684332823,-0.08999999999999986,1.25,3.025210084033625,-0.010000000000000009,-0.12085733169671098
2003-04-30,8.10441071800323,0.1499999999999999,1.26,2.175125488008911,0.010000000000000009,-0.8500845960247139
2003-05-31,5.0898709609522585,-0.3900000000000001,1.26,1.8941504178273003,0.0,-0.2809750701816107
2003-06-30,1.1322214676852127,-0.23999999999999977,1.22,1.948775055679297,-0.040000000000000036,0.05462463785199678
2003-07-31,1.6223701958536507,0.6499999999999999,1.01,2.055555555555544,-0.20999999999999996,0.10678049987624672
2003-08-31,1.7873203593487874,0.4700000000000002,1.03,2.216066481994461,0.020000000000000018,0.16051092643891707
2003-09-30,-1.1944364585525724,-0.1800000000000006,1.01,2.378318584070782,-0.020000000000000018,0.16225210207632124
2003-10-31,5.496148663571665,0.020000000000000462,1.01,2.041942604856528,0.0,-0.336375979214254
2003-11-30,0.7128504071372888,0.009999999999999787,1.0,1.9283746556473915,-0.010000000000000009,-0.1135679492091366
2003-12-31,5.076554077889206,-0.03000000000000025,0.98,2.0352035203520247,-0.020000000000000018,0.10682886470463315
2004-01-31,1.7276386950755285,-0.11999999999999922,1.0,2.026286966046009,0.020000000000000018,-0.008916554306015456
2004-02-29,1.220897373761054,-0.07000000000000028,1.01,1.688453159041381,0.010000000000000009,-0.3378338070046283
2004-03-31,-1.635891961786684,-0.25,1.0,1.7400761283306032,-0.010000000000000009,0.051622969289222276
2004-04-30,-1.6790751960348183,0.5199999999999996,1.0,2.2925764192139875,0.0,0.5525002908833843
2004-05-31,1.208345009735412,0.3700000000000001,1.0,2.8977583378895444,0.0,0.6051819186755569
2004-06-30,1.7988998771432563,0.010000000000000675,1.03,3.1676679410158397,0.030000000000000027,0.2699096031262953
2004-07-31,-3.4290519520026264,-0.23000000000000043,1.26,2.939575394665228,0.22999999999999998,-0.2280925463506116
2004-08-31,0.22873503233691306,-0.21999999999999975,1.43,2.5474254742547275,0.16999999999999993,-0.39214992041050056
2004-09-30,0.9363875526838816,-0.15000000000000036,1.61,2.539168017287952,0.18000000000000016,-0.00825745696677549
2004-10-31,1.4014243690939843,-0.03000000000000025,1.76,3.1909140075716547,0.1499999999999999,0.6517459902837026
2004-11-30,3.859493629597055,0.09000000000000075,1.93,3.621621621621607,0.16999999999999993,0.43070761404995217
2004-12-31,3.245821284320516,0.040000000000000036,2.16,3.3423180592991875,0.2300000000000002,-0.2793035623224194
2005-01-31,-2.529046744229402,-0.010000000000000675,2.28,2.8448738593666034,0.11999999999999966,-0.49744419993258404
2005-02-28,1.8903346132113308,-0.04999999999999982,2.5,3.0530262453133394,0.2200000000000002,0.20815238594673602
2005-03-31,-1.911765556028966,0.33000000000000007,2.63,3.2068412613575736,0.1299999999999999,0.1538150160442342
2005-04-30,-2.0108582083263493,-0.16000000000000014,2.79,3.3617929562433257,0.16000000000000014,0.1549516948857521
2005-05-31,2.995204663120865,-0.20000000000000018,3.0,2.869287991498415,0.20999999999999996,-0.4925049647449109
2005-06-30,-0.014271417986777557,-0.13999999999999968,3.04,2.541026998411855,0.040000000000000036,-0.32826099308655987
2005-07-31,3.596828690361842,0.17999999999999972,3.26,3.067160232681121,0.21999999999999975,0.526133234269266
2005-08-31,-1.122210459860007,0.08000000000000007,3.5,3.646934460887952,0.2400000000000002,0.5797742282068312
2005-09-30,0.694902431673361,-0.05999999999999961,3.62,4.741833508956805,0.1200000000000001,1.0948990480688532
2005-10-31,-1.7740779932313488,0.2599999999999998,3.78,4.350104821802936,0.1599999999999997,-0.39172868715386944
2005-11-30,3.5186096519093324,0.08000000000000007,4.0,3.338549817423053,0.2200000000000002,-1.011555004379883
2005-12-31,-0.09523493171964548,-0.07000000000000028,4.16,3.338549817423053,0.16000000000000014,0.0
2006-01-31,2.5466771341108085,-0.04999999999999982,4.29,4.018789144050117,0.1299999999999999,0.6802393266270639
2006-02-28,0.04531577283561905,0.15000000000000036,4.49,3.63825363825363,0.20000000000000018,-0.38053550579648654
2006-03-31,1.1095810408889628,0.14999999999999947,4.59,3.4179181771103018,0.09999999999999964,-0.22033546114332836
2006-04-30,1.215565291784415,0.27000000000000046,4.79,3.613835828600931,0.20000000000000018,0.19591765149062912
2006-05-31,-3.0916916538203165,0.1200000000000001,4.94,3.977272727272729,0.15000000000000036,0.36343689867179796
2006-06-30,0.008659650459597046,0.0,4.99,4.1817243159525175,0.04999999999999982,0.20445158867978863
2006-07-31,0.5085878803453348,-0.020000000000000462,5.24,4.104669061056954,0.25,-0.07705525489556386
2006-08-31,2.127419311502643,-0.20999999999999996,5.25,3.926568077511483,0.009999999999999787,-0.17810098354547055
2006-09-30,2.4566297967782313,-0.16000000000000014,5.25,2.012072434607637,0.0,-1.9144956429038462
2006-10-31,3.1508003585395628,0.010000000000000675,5.25,1.4063284781516971,0.0,-0.6057439564559397
2006-11-30,1.6466656343095964,-0.13000000000000078,5.25,1.9687026754164672,0.0,0.56237419726477
2006-12-31,1.2615782814670462,-0.040000000000000036,5.24,2.5239777889954462,-0.009999999999999787,0.5552751135789791
2007-01-31,1.4059043023177953,0.20000000000000018,5.25,2.075765178123423,0.009999999999999787,-0.448212610872023
2007-02-28,-2.1846175991944383,-0.040000000000000036,5.26,2.420260782347028,0.009999999999999787,0.3444956042236047
2007-03-31,0.9979982939206433,-0.16000000000000014,5.26,2.798197295943927,0.0,0.3779365135968993
2007-04-30,4.3290690426759815,0.13000000000000078,5.25,2.5929247633283525,-0.009999999999999787,-0.20527253261557465
2007-05-31,3.2549228707361655,0.05999999999999961,5.25,2.709885742672613,0.0,0.11696097934426053
2007-06-30,-1.781632254788501,0.34999999999999964,5.25,2.692765113974227,0.0,-0.017120628698386042
2007-07-31,-3.198187836198829,-0.09999999999999964,5.26,2.317890586495808,0.009999999999999787,-0.3748745274784189
2007-08-31,1.2863572018857905,-0.33000000000000007,5.02,1.897448478900876,-0.2400000000000002,-0.42044210759493206
2007-09-30,3.579400817860079,-0.15000000000000036,4.94,2.8338264299802685,-0.07999999999999918,0.9363779510793924
2007-10-31,1.4822338223554832,0.010000000000000675,4.76,3.610698365527476,-0.1800000000000006,0.7768719355472076
2007-11-30,-4.404341737941575,-0.3799999999999999,4.49,4.373267326732666,-0.2699999999999996,0.76256896120519
2007-12-31,-0.8628508561297932,-0.05000000000000071,4.24,4.108813392417532,-0.25,-0.2644539343151342
2008-01-31,-6.116343227776988,-0.35999999999999943,3.94,4.294695655165981,-0.30000000000000027,0.1858822627484491
2008-02-29,-3.476119273728817,0.0,2.98,4.142959270611968,-0.96,-0.15173638455401317
2008-03-31,-0.5959623397817415,-0.23000000000000043,2.61,3.9749035501344334,-0.3700000000000001,-0.16805572047753436
2008-04-30,4.75466976412291,0.17000000000000037,2.28,3.903760975988813,-0.33000000000000007,-0.07114257414562042
2008-05-31,1.067418170406853,0.19999999999999973,1.98,4.088413823123993,-0.2999999999999998,0.18465284713518004
2008-06-30,-8.596238482631446,0.21999999999999975,2.0,4.935966105947864,0.020000000000000018,0.8475522828238713
2008-07-31,-0.9859371185302779,-0.08999999999999986,2.01,5.497512078341837,0.009999999999999787,0.5615459723939731
2008-08-31,1.2190464669121548,-0.11999999999999966,2.0,5.308017162091239,-0.009999999999999787,-0.18949491625059878
2008-09-30,-9.079143354379216,-0.20000000000000018,1.81,4.953319875136075,-0.18999999999999995,-0.35469728695516345
2008-10-31,-16.942452401777075,0.1200000000000001,0.97,3.7310578899565128,-0.8400000000000001,-1.2222619851795624
2008-11-30,-7.484904233870971,-0.28000000000000025,0.39,1.0999174706166848,-0.58,-2.631140419339828
2008-12-31,0.7821576633499472,-1.1099999999999999,0.16,-0.022228002553859,-0.23,-1.1221454731705438
2009-01-31,-8.565734305805428,0.10000000000000009,0.15,-0.1135860190221271,-0.010000000000000009,-0.0913580164682681
2009-02-28,-10.993119762019942,0.3500000000000001,0.22,0.0084631406715107,0.07,0.1220491596936378
2009-03-31,8.540446199532292,-0.050000000000000266,0.18,-0.4464787676623838,-0.04000000000000001,-0.45494190833389453
2009-04-30,9.392507914826332,0.11000000000000032,0.15,-0.5763244243767063,-0.03,-0.12984565671432247
2009-05-31,5.308144638516654,0.3599999999999999,0.18,-1.015761495855172,0.03,-0.43943707147846567
2009-06-30,0.019582726560973818,0.43000000000000016,0.21,-1.2291746182109151,0.03,-0.21341312235574317
2009-07-31,7.414172714778422,-0.16000000000000014,0.16,-1.958761003762277,-0.04999999999999999,-0.7295863855513618
2009-08-31,3.356018886854417,0.029999999999999805,0.16,-1.4838355663267633,0.0,0.47492543743551363
2009-09-30,3.5723345723119637,-0.18999999999999995,0.15,-1.377942862886472,-0.010000000000000009,0.10589270344029122
2009-10-31,-1.9762000526814205,-0.009999999999999787,0.12,-0.2239682942003384,-0.03,1.1539745686861336
2009-11-30,5.736406145372763,0.009999999999999787,0.12,1.9145871744709275,0.0,2.138555468671266
2009-12-31,1.7770570919338313,0.18999999999999995,0.12,2.8141231232083674,0.0,0.8995359487374399
2010-01-31,-3.6974245692262153,0.14000000000000012,0.11,2.621111388976716,-0.009999999999999995,-0.1930117342316513
2010-02-28,2.8513689046546054,-0.040000000000000036,0.13,2.151336357866529,0.020000000000000004,-0.46977503111018715
2010-03-31,5.8796425545497355,0.040000000000000036,0.16,2.2861714393279886,0.03,0.13483508146145962
2010-04-30,1.4759230482012997,0.1200000000000001,0.2,2.2067707525304403,0.04000000000000001,-0.0794006867975483
2010-05-31,-8.197584207319053,-0.43000000000000016,0.2,2.003548929218568,0.0,-0.2032218233118721
2010-06-30,-5.388244223983851,-0.21999999999999975,0.18,1.1215605940686268,-0.020000000000000018,-0.8819883351499413
2010-07-31,6.8777849574635175,-0.1900000000000004,0.18,1.3407784804821077,0.0,0.21921788641348083
2010-08-31,-4.744918363260475,-0.3099999999999996,0.19,1.1501775395112546,0.010000000000000009,-0.19060094097085312
2010-09-30,8.755110305113556,-0.050000000000000266,0.19,1.1183122472331777,0.0,-0.031865292278076884
2010-10-31,3.685599403554063,-0.10999999999999988,0.19,1.1666951489314623,0.0,0.04838290169828463
2010-11-30,-0.22902497465766558,0.21999999999999975,0.19,1.084544776600338,0.0,-0.08215037233112432
2010-12-31,6.530004034715509,0.5300000000000002,0.18,1.437793022217937,-0.010000000000000009,0.35324824561759893
2011-01-31,2.2645574359139164,0.10000000000000009,0.17,1.7007834915029774,-0.009999999999999981,0.26299046928504044
2011-02-28,3.1956563728093412,0.18999999999999995,0.16,2.124898173333145,-0.010000000000000009,0.42411468183016776
2011-03-31,-0.10473129391664893,-0.16999999999999993,0.14,2.619241510354109,-0.01999999999999999,0.4943433370209638
2011-04-30,2.8495380666536008,0.04999999999999982,0.1,3.0772344447868694,-0.04000000000000001,0.45799293443276046
2011-05-31,-1.350095289522324,-0.29000000000000004,0.09,3.4589718808965,-0.010000000000000009,0.38173743610963085
2011-06-30,-1.8257461652479323,-0.16999999999999993,0.09,3.502318150636041,0.0,0.04334626973954059
2011-07-31,-2.147442530666621,0.0,0.07,3.5798809769996165,-0.01999999999999999,0.0775628263635757
2011-08-31,-5.679110795232889,-0.7000000000000002,0.1,3.75499603070808,0.03,0.17511505370846336
2011-09-30,-7.1761988080896515,-0.31999999999999984,0.08,3.812621692818685,-0.020000000000000004,0.05762566211060527
2011-10-31,10.772303843744147,0.16999999999999993,0.07,3.5222681306640524,-0.009999999999999995,-0.2903535621546327
2011-11-30,-0.5058715107011391,-0.14000000000000012,0.08,3.451432214581729,0.009999999999999995,-0.07083591608232354
2011-12-31,0.8532763666636134,-0.029999999999999805,0.07,3.062066838419386,-0.009999999999999995,-0.3893653761623428
2012-01-31,4.358306270498535,-0.010000000000000009,0.08,3.0087663379855023,0.009999999999999995,-0.05330050043388379
2012-02-29,4.058946376811723,0.0,0.1,2.898178442347388,0.020000000000000004,-0.11058789563811411
2012-03-31,3.133231453144192,0.19999999999999996,0.13,2.5828752813320977,0.03,-0.31530316101529055
2012-04-30,-0.7497452372495994,-0.1200000000000001,0.14,2.2731633741348567,0.010000000000000009,-0.30971190719724095
2012-05-31,-6.2650725714543665,-0.24999999999999978,0.16,1.7379429374660749,0.01999999999999999,-0.5352204366687818
2012-06-30,3.955498222833631,-0.17999999999999994,0.16,1.653870448297634,0.0,-0.08407248916844079
2012-07-31,1.259757420478791,-0.09000000000000008,0.16,1.4175114798464783,0.0,-0.23635896845115578
2012-08-31,1.9763369506085704,0.1499999999999999,0.13,1.6859349154821237,-0.03,0.2684234356356454
2012-09-30,2.4236153617775313,0.040000000000000036,0.14,1.9497168982819613,0.010000000000000009,0.26378198279983756
2012-10-31,-1.9789409716293949,0.030000000000000027,0.16,2.1556780595369363,0.01999999999999999,0.205961161254975
2012-11-30,0.28467166850427716,-0.10000000000000009,0.16,1.7960197033926262,0.0,-0.3596583561443101
2012-12-31,0.7068230956284616,0.07000000000000006,0.16,1.7595049796895523,0.0,-0.03651472370307385
2013-01-31,5.0428096466868855,0.18999999999999995,0.14,1.684061762098299,-0.01999999999999999,-0.07544321759125339
2013-02-28,1.1060648765041536,0.07000000000000006,0.15,2.0181404902574807,0.009999999999999981,0.3340787281591817
2013-03-31,3.5987723982872977,-0.020000000000000018,0.14,1.5187472411246183,-0.009999999999999981,-0.4993932491328623
2013-04-30,1.8085767779890016,-0.19999999999999996,0.15,1.138808047576867,0.009999999999999981,-0.3799391935477514
2013-05-31,2.0762811683057825,0.16999999999999993,0.11,1.3903888279197083,-0.039999999999999994,0.25158078034284137
2013-06-30,-1.4999301595580827,0.3699999999999999,0.09,1.7157935271568725,-0.020000000000000004,0.3254046992371642
2013-07-31,4.946207991308538,0.28000000000000025,0.09,1.885471805415806,0.0,0.16967827825893345
2013-08-31,-3.1298019479343964,0.16000000000000014,0.08,1.538809488600279,-0.009999999999999995,-0.34666231681552695
2013-09-30,2.974952325919533,0.06999999999999984,0.08,1.0947341081747997,0.0,-0.44407538042547934
2013-10-31,4.459575276194472,-0.18999999999999995,0.09,0.8767991434911471,0.009999999999999995,-0.2179349646836526
2013-11-30,2.8049471367328715,0.10000000000000009,0.08,1.2328701961954458,-0.009999999999999995,0.35607105270429873
2013-12-31,2.3562791975445974,0.17999999999999972,0.09,1.5128383667573295,0.009999999999999995,0.2799681705618837
2014-01-31,-3.5582905955811595,-0.040000000000000036,0.07,1.557758795574915,-0.01999999999999999,0.04492042881758551
2014-02-28,4.31170301781616,-0.1499999999999999,0.07,1.1204746347724948,0.0,-0.4372841608024203
2014-03-31,0.6932165418227054,0.010000000000000231,0.08,1.6126949139408042,0.009999999999999995,0.49222027916830946
2014-04-30,0.6200789153414155,-0.010000000000000231,0.09,2.015125303606169,0.009999999999999995,0.4024303896653647
2014-05-31,2.103028007328045,-0.1499999999999999,0.09,2.166947687079812,0.0,0.15182238347364319
2014-06-30,1.9058331749470137,0.040000000000000036,0.1,2.0589816945944195,0.010000000000000009,-0.10796599248539263
2014-07-31,-1.5079830845342368,-0.06000000000000005,0.09,1.9742378703305972,-0.010000000000000009,-0.08474382426382232
2014-08-31,3.7655295579825276,-0.1200000000000001,0.09,1.7150983482969062,0.0,-0.25913952203369095
2014-09-30,-1.5513837249453988,0.10999999999999988,0.09,1.6840509711232077,0.0,-0.031047377173698543
2014-10-31,2.3201460667203078,-0.22999999999999998,0.09,1.6095417021513292,0.0,-0.07450926897187848
2014-11-30,2.453358864631494,0.03000000000000025,0.09,1.231524989320798,0.0,-0.3780167128305312
2014-12-31,-0.4188587515997044,-0.1200000000000001,0.12,0.6531213919623191,0.03,-0.5784035973584789
2015-01-31,-3.1040805838410623,-0.33000000000000007,0.11,-0.2299309782054281,-0.009999999999999995,-0.8830523701677472
2015-02-28,5.48925108906233,0.10000000000000009,0.11,-0.0870314629352053,0.0,0.1428995152702228
2015-03-31,-1.7396107114219572,0.06000000000000005,0.11,-0.0220312844238734,0.0,0.06500017851133191
2015-04-30,0.8520819822535275,-0.10000000000000009,0.12,-0.1040309893939106,0.009999999999999995,-0.0819997049700372
2015-05-31,1.0491382304589791,0.26000000000000023,0.12,0.0350332182442958,0.0,0.1390642076382064
2015-06-30,-2.1011671979729973,0.1599999999999997,0.13,0.1795718097550525,0.010000000000000009,0.1445385915107567
2015-07-31,1.9742029435184882,-0.040000000000000036,0.13,0.2256861110409458,0.0,0.046114301285893305
2015-08-31,-6.2580818255865704,-0.1499999999999999,0.14,0.2413037985344868,0.010000000000000009,0.015617687493541005
2015-09-30,-2.6442831280001355,0.0,0.14,0.00884296163417,0.0,-0.2324608369003168
2015-10-31,8.298311781266655,-0.10000000000000009,0.12,0.127616560670507,-0.020000000000000018,0.118773599036337
2015-11-30,0.050486911033487125,0.18999999999999995,0.12,0.4363182169185187,0.0,0.3087016562480117
2015-12-31,-1.7530185032692547,-0.019999999999999574,0.24,0.6387247515364791,0.12,0.20240653461796043
2016-01-31,-5.07353220469523,-0.15000000000000036,0.34,1.2375025026943876,0.10000000000000003,0.5987777511579084
2016-02-29,-0.41283603090035426,-0.30999999999999983,0.38,0.8472775790126619,0.03999999999999998,-0.3902249236817257
2016-03-31,6.599111444005845,0.10999999999999988,0.36,0.8916160965521946,-0.020000000000000018,0.044338517539532774
2016-04-30,0.26993982833325436,-0.07999999999999985,0.37,1.1726257503534845,0.010000000000000009,0.28100965380128984
2016-05-31,1.5324602525288444,0.0,0.37,1.0784764621246223,0.0,-0.09414928822886215
2016-06-30,0.09109212401243738,-0.17000000000000015,0.38,1.0792865347959424,0.010000000000000009,0.0008100726713200501
2016-07-31,3.5609800753315435,-0.1399999999999999,0.39,0.8683633430518256,0.010000000000000009,-0.21092319174411678
2016-08-31,-0.12192428990193127,0.06000000000000005,0.4,1.0553158595656864,0.010000000000000009,0.1869525165138608
2016-09-30,-0.12344511393173052,0.06999999999999984,0.4,1.5486446201652182,0.0,0.4933287605995318
2016-10-31,-1.942567890903446,0.13000000000000012,0.4,1.685924966243646,0.0,0.13728034607842776
2016-11-30,3.4174521829295035,0.3800000000000001,0.41,1.6843334719788938,0.009999999999999953,-0.0015914942647521357
2016-12-31,1.8200762441865859,0.3500000000000001,0.54,2.0507989115119862,0.13000000000000006,0.3664654395330924
2017-01-31,1.7884358198382522,-0.06000000000000005,0.65,2.510393348257112,0.10999999999999999,0.4595944367451259
2017-02-28,3.719816006681631,-0.010000000000000231,0.66,2.8103616813294208,0.010000000000000009,0.29996833307230863
2017-03-31,-0.03891971352694146,0.06000000000000005,0.79,2.44119623655914,0.13,-0.3691654447702808
2017-04-30,0.9091208748854607,-0.18000000000000016,0.9,2.176223471915395,0.10999999999999999,-0.264972764643745
2017-05-31,1.1576251246328662,0.0,0.91,1.856343166761976,0.010000000000000009,-0.3198803051534189
2017-06-30,0.4813775207812565,-0.10999999999999988,1.04,1.640565809959127,0.13,-0.21577735680284915
2017-07-31,1.9348826001101882,0.1299999999999999,1.15,1.7251073506566073,0.10999999999999988,0.08454154069748032
2017-08-31,0.0546433019853243,-0.10999999999999988,1.16,1.92812155729698,0.010000000000000009,0.20301420664037284
2017-09-30,1.9302978562167672,-0.009999999999999787,1.15,2.1805652303711787,-0.010000000000000009,0.25244367307419857
2017-10-31,2.218813506615125,0.1599999999999997,1.15,2.020757753132485,0.0,-0.1598074772386937
2017-11-30,2.8082627806563343,-0.009999999999999787,1.16,2.172493864295566,0.010000000000000009,0.15173611116308106
2017-12-31,0.9831630594270502,0.04999999999999982,1.3,2.129930719552253,0.14000000000000012,-0.0425631447433128
2018-01-31,5.617870412552817,0.18000000000000016,1.41,2.151318868063945,0.10999999999999988,0.021388148511691796
2018-02-28,-3.89473718793677,0.2799999999999998,1.42,2.263468931091861,0.010000000000000009,0.11215006302791597
2018-03-31,-2.688449860055664,-0.020000000000000018,1.51,2.3309497646499366,0.09000000000000008,0.06748083355807566
2018-04-30,0.27187749953683227,0.03000000000000025,1.69,2.4709963021052994,0.17999999999999994,0.14004653745536277
2018-05-31,2.16083418545836,0.10999999999999988,1.7,2.781921607842497,0.010000000000000009,0.31092530573719745
2018-06-30,0.48424362676078303,-0.06999999999999984,1.82,2.8075506935940187,0.1200000000000001,0.025629085751521785
2018-07-31,3.602155617289915,-0.020000000000000018,1.91,2.854124785561929,0.08999999999999986,0.04657409196791029
2018-08-31,3.0263211276748248,0.0,1.91,2.642923856874257,0.0,-0.21120092868767193
2018-09-30,0.42942874264617625,0.10999999999999988,1.95,2.332055105808828,0.040000000000000036,-0.3108687510654291
2018-10-31,-6.94033560936963,0.1499999999999999,2.19,2.492032470218053,0.24,0.15997736440922505
2018-11-30,1.7859356654779779,-0.029999999999999805,2.2,2.147328577667773,0.010000000000000231,-0.3447038925502799
2018-12-31,-9.177689467997252,-0.29000000000000004,2.27,2.0023809043401064,0.06999999999999984,-0.14494767332766667
2019-01-31,7.868440166582613,-0.1200000000000001,2.4,1.4875893578291333,0.1299999999999999,-0.5147915465109731
2019-02-28,2.9728889343927145,-0.029999999999999805,2.4,1.5188615351321877,0.0,0.03127217730305443
2019-03-31,1.7924256249588488,-0.11000000000000032,2.41,1.8831863513063984,0.010000000000000231,0.36432481617421075
2019-04-30,3.9313498313737982,-0.040000000000000036,2.42,2.000583470209061,0.009999999999999787,0.11739711890266236
2019-05-31,-6.57777313668354,-0.1299999999999999,2.39,1.7959105553606136,-0.029999999999999805,-0.20467291484844718
2019-06-30,6.89301639982407,-0.33000000000000007,2.38,1.671194894390049,-0.010000000000000231,-0.12471566097056463
2019-07-31,1.3128152166957952,-0.009999999999999787,2.4,1.826331335037068,0.020000000000000018,0.15513644064701904
2019-08-31,-1.8091627240523933,-0.43000000000000016,2.13,1.7376412106666406,-0.27,-0.08869012437042745
2019-09-30,1.7181177931020697,0.07000000000000006,2.04,1.6844977040391562,-0.08999999999999986,-0.05314350662748435
2019-10-31,2.0431770513684056,0.010000000000000009,1.83,1.7339736996186297,-0.20999999999999996,0.049475995579473464
2019-11-30,3.4047037714499906,0.10000000000000009,1.55,2.092290394862917,-0.28,0.3583166952442871
2019-12-31,2.858981890573009,0.050000000000000044,1.55,2.3195274699624457,0.0,0.22723707509952895
2020-01-31,-0.16280928190489652,-0.10000000000000009,1.55,2.599767976845202,0.0,0.28024050688275626
2020-02-29,-8.411048363840312,-0.26,1.58,2.34131667975952,0.030000000000000027,-0.2584512970856818
2020-03-31,-12.511928240892821,-0.63,0.65,1.4940399642909163,-0.93,-0.8472767154686038
2020-04-30,12.68440381652789,-0.20999999999999996,0.05,0.3130472940411133,-0.6,-1.180992670249803
2020-05-31,4.528181966555822,0.010000000000000009,0.05,0.1982013035848551,0.0,-0.1148459904562582
2020-06-30,1.838839651392421,0.05999999999999994,0.08,0.7166562831830481,0.03,0.518454979598193
2020-07-31,5.510132148044367,-0.10999999999999999,0.09,0.9968647625897996,0.009999999999999995,0.28020847940675153
2020-08-31,7.006466690171775,0.030000000000000027,0.1,1.2810698495523851,0.010000000000000009,0.2842050869625855
2020-09-30,-3.9227970178423055,0.030000000000000027,0.09,1.3910228912373812,-0.010000000000000009,0.10995304168499609
2020-10-31,-2.766578622137972,0.10999999999999999,0.09,1.2303863428671624,0.0,-0.1606365483702188
2020-11-30,10.75456354438591,0.07999999999999996,0.09,1.1757452138405844,0.0,-0.05464112902657803
2020-12-31,3.712145909357001,0.06000000000000005,0.09,1.3204191315779434,0.0,0.14467391773735905
2021-01-31,-1.1136660755445171,0.15000000000000002,0.09,1.3553199782346148,0.0,0.03490084665667137
2021-02-28,2.6091451377448394,0.17999999999999994,0.08,1.667502410800381,-0.009999999999999995,0.3121824325657663
2021-03-31,4.2438632533165155,0.3500000000000001,0.07,2.623645747764214,-0.009999999999999995,0.9561433369638328
2021-04-30,5.242532134755851,0.029999999999999805,0.07,4.137373453318349,0.0,1.5137277055541354
2021-05-31,0.548648867060697,-0.019999999999999796,0.06,4.926466563983079,-0.010000000000000009,0.7890931106647301
2021-06-30,2.2214009565834747,-0.10000000000000009,0.08,5.317418943207719,0.020000000000000004,0.39095237922463966
2021-07-31,2.274805482838871,-0.19999999999999996,0.1,5.269167647240969,0.020000000000000004,-0.04825129596675026
2021-08-31,2.8990416255438634,-0.040000000000000036,0.09,5.181323173271246,-0.010000000000000009,-0.08784447396972261
2021-09-30,-4.75691688019011,0.09000000000000008,0.08,5.363523425270289,-0.009999999999999995,0.18220025199904288
2021-10-31,6.914383640060651,0.20999999999999996,0.08,6.226591220771449,0.0,0.8630677955011601
2021-11-30,-0.8333706184746159,-0.020000000000000018,0.08,6.865559520296194,0.0,0.6389682995247448
2021-12-31,4.361291346206486,-0.09000000000000008,0.08,7.159457345112474,0.0,0.29389782481628046
2022-01-31,-5.258516502739385,0.29000000000000004,0.08,7.578082463000535,0.0,0.41862511788806067
2022-02-28,-3.1360491945908286,0.16999999999999993,0.08,7.949220898953979,0.0,0.3711384359534442
2022-03-31,3.5773288371546252,0.19999999999999996,0.2,8.540780148538584,0.12000000000000001,0.5915592495846047
2022-04-30,-8.795671180434306,0.6200000000000001,0.33,8.235161744022502,0.13,-0.3056184045160819
2022-05-31,0.005317770464463578,0.1499999999999999,0.77,8.530051713089225,0.44,0.29488996906672327
2022-06-30,-8.391999993382681,0.2400000000000002,1.21,8.999298141923106,0.43999999999999995,0.46924642883388046
2022-07-31,9.111639173021002,-0.2400000000000002,1.68,8.447778206754553,0.47,-0.5515199351685531
2022-08-31,-4.244012827299837,0.0,2.33,8.216255059541266,0.6500000000000001,-0.23152314721328615
2022-09-30,-9.339567201327437,0.6200000000000001,2.56,8.205751582451759,0.22999999999999998,-0.010503477089507385
2022-10-31,7.98634138370089,0.45999999999999996,3.08,7.757261470809462,0.52,-0.4484901116422968
2022-11-30,5.375289335249311,-0.08999999999999986,3.78,7.131380368978291,0.6999999999999997,-0.6258811018311716
2022-12-31,-5.897147407473047,-0.27,4.1,6.410831677385809,0.31999999999999984,-0.7205486915924819
2023-01-31,6.17528578346791,-0.0900000000000003,4.33,6.340296309929161,0.23000000000000043,-0.07053536745664779
2023-02-28,-2.611249393181858,0.2200000000000002,4.57,5.957648712766894,0.2400000000000002,-0.3826475971622667
2023-03-31,3.505161257710898,-0.08999999999999986,4.65,4.931348641757127,0.08000000000000007,-1.026300071009767
2023-04-30,1.4642341662481018,-0.20000000000000018,4.83,4.946947488062325,0.17999999999999972,0.015598846305198144
2023-05-31,0.2482347368192972,0.10999999999999988,5.06,4.125314539356473,0.22999999999999954,-0.8216329487058527
2023-06-30,6.472746490423464,0.18000000000000016,5.08,3.0592533347792994,0.020000000000000462,-1.0660612045771733
2023-07-31,3.113893235501086,0.1499999999999999,5.12,3.28032820234625,0.040000000000000036,0.2210748675669505
2023-08-31,-1.7716390070854016,0.27,5.33,3.718635867760756,0.20999999999999996,0.43830766541450616
2023-09-30,-4.871936746562488,0.20999999999999996,5.33,3.6950823322234423,0.0,-0.023553535537313763
2023-10-31,-2.197968873798295,0.41999999999999993,5.33,3.2465375076767167,0.0,-0.4485448245467256
2023-11-30,8.917926878197013,-0.2999999999999998,5.33,3.139855644977696,0.0,-0.10668186269902069
2023-12-31,4.422923115636013,-0.4800000000000004,5.33,3.322200208829762,0.0,0.182344563852066
2024-01-31,1.5895707598991615,0.040000000000000036,5.33,3.1079425939238847,0.0,-0.21425761490587725
2024-02-29,5.172064062372317,0.15000000000000036,5.33,3.16642120765831,0.0,0.05847861373442509
2024-03-31,3.1018779915342964,0.0,5.33,3.4690014354717524,0.0,0.3025802278134426
2024-04-30,-4.161507173789869,0.33000000000000007,5.33,3.3540471111874304,0.0,-0.11495432428432206
2024-05-31,4.80211901511991,-0.05999999999999961,5.33,3.238866396761142,0.0,-0.11518071442628841
2024-06-30,3.466980128308328,-0.17000000000000082,5.33,2.9700853998204435,0.0,-0.26878099694069846
2024-07-31,1.1321316887868749,-0.05999999999999961,5.33,2.9384633061405374,0.0,-0.031622093679906094
2024-08-31,2.2834706936630367,-0.3799999999999999,5.33,2.610914032233836,0.0,-0.32754927390670163
2024-09-30,2.0196884090601275,-0.1499999999999999,5.13,2.432541464144644,-0.20000000000000018,-0.17837256808919166
2024-10-31,-0.9896743303151712,0.37999999999999945,4.83,2.5714034967967203,-0.2999999999999998,0.1388620326520762
2024-11-30,5.7301295482098835,0.2600000000000007,4.64,2.7141684004842848,-0.1900000000000004,0.14276490368756445
2024-12-31,-2.499013704848363,0.02999999999999936,4.48,2.872366268806581,-0.15999999999999925,0.1581978683222962
2025-01-31,2.70163042404441,0.2400000000000002,4.33,2.999412512831112,-0.15000000000000036,0.12704624402453124
2025-02-28,-1.4242092699825126,-0.17999999999999972,4.33,2.814270373156869,0.0,-0.1851421396742432
2025-03-31,-6.273575591464442,-0.16999999999999993,4.33,2.405585264028032,0.0,-0.4086851091288368
